Country,Indicator,Year,Value,Change,Percent_Change
Brunei,coal_production,1980,0.0,,
Brunei,coal_production,1981,0.0,0.0,
Brunei,coal_production,1982,0.0,0.0,
Brunei,coal_production,1983,0.0,0.0,
Brunei,coal_production,1984,0.0,0.0,
Brunei,coal_production,1985,0.0,0.0,
Brunei,coal_production,1986,0.0,0.0,
Brunei,coal_production,1987,0.0,0.0,
Brunei,coal_production,1988,0.0,0.0,
Brunei,coal_production,1989,0.0,0.0,
Brunei,coal_production,1990,0.0,0.0,
Brunei,coal_production,1991,0.0,0.0,
Brunei,coal_production,1992,0.0,0.0,
Brunei,coal_production,1993,0.0,0.0,
Brunei,coal_production,1994,0.0,0.0,
Brunei,coal_production,1995,0.0,0.0,
Brunei,coal_production,1996,0.0,0.0,
Brunei,coal_production,1997,0.0,0.0,
Brunei,coal_production,1998,0.0,0.0,
Brunei,coal_production,1999,0.0,0.0,
Brunei,coal_production,2000,0.0,0.0,
Brunei,coal_production,2001,0.0,0.0,
Brunei,coal_production,2002,0.0,0.0,
Brunei,coal_production,2003,0.0,0.0,
Brunei,coal_production,2004,0.0,0.0,
Brunei,coal_production,2005,0.0,0.0,
Brunei,coal_production,2006,0.0,0.0,
Brunei,coal_production,2007,0.0,0.0,
Brunei,coal_production,2008,0.0,0.0,
Brunei,coal_production,2009,0.0,0.0,
Brunei,coal_production,2010,0.0,0.0,
Brunei,coal_production,2011,0.0,0.0,
Brunei,coal_production,2012,0.0,0.0,
Brunei,coal_production,2013,0.0,0.0,
Brunei,coal_production,2014,0.0,0.0,
Brunei,coal_production,2015,0.0,0.0,
Brunei,coal_production,2016,0.0,0.0,
Brunei,coal_production,2017,0.0,0.0,
Brunei,coal_production,2018,0.0,0.0,
Brunei,coal_production,2019,0.0,0.0,
Brunei,coal_production,2020,0.0,0.0,
Brunei,coal_production,2021,0.0,0.0,
Brunei,coal_production,2022,0.0,0.0,
Brunei,coal_production,2023,0.0,0.0,
Brunei,electricity_imports,1980,0.0,,
Brunei,electricity_imports,1981,0.0,0.0,
Brunei,electricity_imports,1982,0.0,0.0,
Brunei,electricity_imports,1983,0.0,0.0,
Brunei,electricity_imports,1984,0.0,0.0,
Brunei,electricity_imports,1985,0.0,0.0,
Brunei,electricity_imports,1986,0.0,0.0,
Brunei,electricity_imports,1987,0.0,0.0,
Brunei,electricity_imports,1988,0.0,0.0,
Brunei,electricity_imports,1989,0.0,0.0,
Brunei,electricity_imports,1990,0.0,0.0,
Brunei,electricity_imports,1991,0.0,0.0,
Brunei,electricity_imports,1992,0.0,0.0,
Brunei,electricity_imports,1993,0.0,0.0,
Brunei,electricity_imports,1994,0.0,0.0,
Brunei,electricity_imports,1995,0.0,0.0,
Brunei,electricity_imports,1996,0.0,0.0,
Brunei,electricity_imports,1997,0.0,0.0,
Brunei,electricity_imports,1998,0.0,0.0,
Brunei,electricity_imports,1999,0.0,0.0,
Brunei,electricity_imports,2000,0.0,0.0,
Brunei,electricity_imports,2001,0.0,0.0,
Brunei,electricity_imports,2002,0.0,0.0,
Brunei,electricity_imports,2003,0.0,0.0,
Brunei,electricity_imports,2004,0.0,0.0,
Brunei,electricity_imports,2005,0.0,0.0,
Brunei,electricity_imports,2006,0.0,0.0,
Brunei,electricity_imports,2007,0.0,0.0,
Brunei,electricity_imports,2008,0.0,0.0,
Brunei,electricity_imports,2009,0.0,0.0,
Brunei,electricity_imports,2010,0.0,0.0,
Brunei,electricity_imports,2011,0.0,0.0,
Brunei,electricity_imports,2012,0.0,0.0,
Brunei,electricity_imports,2013,0.0,0.0,
Brunei,electricity_imports,2014,0.0,0.0,
Brunei,electricity_imports,2015,0.0,0.0,
Brunei,electricity_imports,2016,0.0,0.0,
Brunei,electricity_imports,2017,0.0,0.0,
Brunei,electricity_imports,2018,0.0,0.0,
Brunei,electricity_imports,2019,0.0,0.0,
Brunei,electricity_imports,2020,0.0,0.0,
Brunei,electricity_imports,2021,0.0,0.0,
Brunei,electricity_imports,2022,0.0,0.0,
Brunei,electricity_imports,2023,0.0,0.0,
Cambodia,coal_production,1980,0.0,,
Cambodia,coal_production,1981,2.9,2.9,inf
Cambodia,coal_production,1982,5.79,2.89,99.65517241379311
Cambodia,coal_production,1983,8.69,2.8999999999999995,50.08635578583765
Cambodia,coal_production,1984,11.59,2.9000000000000004,33.3716915995397
Cambodia,coal_production,1985,14.48,2.8900000000000006,24.93528904227784
Cambodia,coal_production,1986,17.38,2.8999999999999986,20.027624309392245
Cambodia,coal_production,1987,20.28,2.900000000000002,16.68584579976986
Cambodia,coal_production,1988,23.17,2.8900000000000006,14.250493096646943
Cambodia,coal_production,1989,26.07,2.8999999999999986,12.516184721622793
Cambodia,coal_production,1990,28.97,2.8999999999999986,11.123897199846567
Cambodia,coal_production,1991,31.86,2.8900000000000006,9.97583707283396
Cambodia,coal_production,1992,34.76,2.8999999999999986,9.102322661644703
Cambodia,coal_production,1993,37.66,2.8999999999999986,8.342922899884918
Cambodia,coal_production,1994,40.55,2.8900000000000006,7.673924588422731
Cambodia,coal_production,1995,43.45,2.9000000000000057,7.151664611590647
Cambodia,coal_production,1996,46.35,2.8999999999999986,6.674338319907935
Cambodia,coal_production,1997,49.24,2.8900000000000006,6.2351672060410035
Cambodia,coal_production,1998,52.14,2.8999999999999986,5.88952071486597
Cambodia,coal_production,1999,55.04,2.8999999999999986,5.561948599923272
Cambodia,coal_production,2000,57.93,2.8900000000000006,5.250726744186052
Cambodia,coal_production,2001,60.83,2.8999999999999986,5.006041774555503
Cambodia,coal_production,2002,63.73,2.8999999999999986,4.767384514219963
Cambodia,coal_production,2003,66.63,2.8999999999999986,4.550447199121299
Cambodia,coal_production,2004,69.52,2.8900000000000006,4.337385562059137
Cambodia,coal_production,2005,72.42,2.9000000000000057,4.171461449942471
Cambodia,coal_production,2006,75.32,2.8999999999999915,4.0044186688759975
Cambodia,coal_production,2007,78.21,2.8900000000000006,3.836962294211377
Cambodia,coal_production,2008,81.11,2.9000000000000057,3.7079657332822036
Cambodia,coal_production,2009,84.01,2.9000000000000057,3.575391443718412
Cambodia,coal_production,2010,86.9,2.8900000000000006,3.4400666587311113
Cambodia,coal_production,2011,89.8,2.8999999999999915,3.3371691599539677
Cambodia,coal_production,2012,92.7,2.9000000000000057,3.229398663697114
Cambodia,coal_production,2013,95.59,2.8900000000000006,3.1175836030205017
Cambodia,coal_production,2014,98.49,2.8999999999999915,3.033790145412696
Cambodia,coal_production,2015,101.39,2.9000000000000057,2.9444613666362196
Cambodia,coal_production,2016,104.28,2.8900000000000006,2.8503797218660587
Cambodia,coal_production,2017,107.18,2.9000000000000057,2.780974299961647
Cambodia,coal_production,2018,110.08,2.8999999999999915,2.7057286807240066
Cambodia,coal_production,2019,112.97,2.8900000000000006,2.625363372093026
Cambodia,coal_production,2020,115.87,2.9000000000000057,2.5670531999645974
Cambodia,coal_production,2021,118.77,2.8999999999999915,2.5028048675239445
Cambodia,coal_production,2022,121.66,2.8900000000000006,2.4332743958912273
Cambodia,coal_production,2023,124.56,2.9000000000000057,2.3836922571099928
Cambodia,electricity_imports,1980,0.0,,
Cambodia,electricity_imports,1981,0.12,0.12,inf
Cambodia,electricity_imports,1982,0.24,0.12,100.0
Cambodia,electricity_imports,1983,0.36,0.12,50.0
Cambodia,electricity_imports,1984,0.47,0.10999999999999999,30.555555555555557
Cambodia,electricity_imports,1985,0.59,0.12,25.531914893617014
Cambodia,electricity_imports,1986,0.71,0.12,20.338983050847446
Cambodia,electricity_imports,1987,0.83,0.12,16.901408450704224
Cambodia,electricity_imports,1988,0.95,0.12,14.457831325301207
Cambodia,electricity_imports,1989,1.07,0.1200000000000001,12.631578947368439
Cambodia,electricity_imports,1990,1.19,0.11999999999999988,11.214953271028016
Cambodia,electricity_imports,1991,1.3,0.1100000000000001,9.243697478991608
Cambodia,electricity_imports,1992,1.42,0.11999999999999988,9.23076923076922
Cambodia,electricity_imports,1993,1.54,0.1200000000000001,8.450704225352123
Cambodia,electricity_imports,1994,1.66,0.11999999999999988,7.792207792207795
Cambodia,electricity_imports,1995,1.78,0.1200000000000001,7.2289156626506035
Cambodia,electricity_imports,1996,1.9,0.11999999999999988,6.741573033707859
Cambodia,electricity_imports,1997,2.02,0.1200000000000001,6.315789473684208
Cambodia,electricity_imports,1998,2.13,0.10999999999999988,5.44554455445545
Cambodia,electricity_imports,1999,2.25,0.1200000000000001,5.633802816901423
Cambodia,electricity_imports,2000,2.37,0.1200000000000001,5.3333333333333455
Cambodia,electricity_imports,2001,2.49,0.1200000000000001,5.063291139240511
Cambodia,electricity_imports,2002,2.61,0.11999999999999966,4.819277108433728
Cambodia,electricity_imports,2003,2.73,0.1200000000000001,4.597701149425282
Cambodia,electricity_imports,2004,2.85,0.1200000000000001,4.395604395604402
Cambodia,electricity_imports,2005,2.97,0.1200000000000001,4.210526315789487
Cambodia,electricity_imports,2006,3.08,0.10999999999999988,3.703703703703698
Cambodia,electricity_imports,2007,3.2,0.1200000000000001,3.8961038961039085
Cambodia,electricity_imports,2008,3.32,0.11999999999999966,3.7499999999999867
Cambodia,electricity_imports,2009,3.44,0.1200000000000001,3.6144578313253017
Cambodia,electricity_imports,2010,3.56,0.1200000000000001,3.488372093023262
Cambodia,electricity_imports,2011,3.68,0.1200000000000001,3.370786516853941
Cambodia,electricity_imports,2012,3.8,0.11999999999999966,3.2608695652173836
Cambodia,electricity_imports,2013,3.91,0.11000000000000032,2.894736842105261
Cambodia,electricity_imports,2014,4.03,0.1200000000000001,3.069053708439906
Cambodia,electricity_imports,2015,4.15,0.1200000000000001,2.977667493796532
Cambodia,electricity_imports,2016,4.27,0.11999999999999922,2.891566265060219
Cambodia,electricity_imports,2017,4.39,0.1200000000000001,2.810304449648715
Cambodia,electricity_imports,2018,4.51,0.1200000000000001,2.733485193621865
Cambodia,electricity_imports,2019,4.63,0.1200000000000001,2.6607538802660757
Cambodia,electricity_imports,2020,4.74,0.11000000000000032,2.3758099352051865
Cambodia,electricity_imports,2021,4.86,0.1200000000000001,2.5316455696202445
Cambodia,electricity_imports,2022,4.98,0.1200000000000001,2.4691358024691468
Cambodia,electricity_imports,2023,5.1,0.11999999999999922,2.409638554216853
Indonesia,coal_production,1980,627.1,,
Indonesia,coal_production,1981,20640.2,20013.100000000002,3191.372986764471
Indonesia,coal_production,1982,40653.31,20013.109999999997,96.96180269571029
Indonesia,coal_production,1983,60666.41,20013.100000000006,49.22870979017455
Indonesia,coal_production,1984,80679.51,20013.09999999999,32.98876594148226
Indonesia,coal_production,1985,100692.62,20013.11,24.80569106084061
Indonesia,coal_production,1986,120705.72,20013.100000000006,19.87543873622517
Indonesia,coal_production,1987,140718.83,20013.109999999986,16.580084191536226
Indonesia,coal_production,1988,160731.93,20013.100000000006,14.222048321464875
Indonesia,coal_production,1989,180745.03,20013.100000000006,12.451228576674222
Indonesia,coal_production,1990,200758.14,20013.110000000015,11.072564484898994
Indonesia,coal_production,1991,220771.24,20013.099999999977,9.96876141609997
Indonesia,coal_production,1992,240784.34,20013.100000000006,9.065084745639872
Indonesia,coal_production,1993,260797.45,20013.110000000015,8.311632724952144
Indonesia,coal_production,1994,280810.55,20013.099999999977,7.673809694074829
Indonesia,coal_production,1995,300823.66,20013.109999999986,7.126908159255407
Indonesia,coal_production,1996,320836.76,20013.100000000035,6.652767937202819
Indonesia,coal_production,1997,340849.86,20013.099999999977,6.237782727889396
Indonesia,coal_production,1998,360862.97,20013.109999999986,5.871532410193736
Indonesia,coal_production,1999,380876.07,20013.100000000035,5.545900151517347
Indonesia,coal_production,2000,400889.17,20013.099999999977,5.254491309994869
Indonesia,coal_production,2001,420902.28,20013.110000000044,4.992180257700651
Indonesia,coal_production,2002,440915.38,20013.099999999977,4.75480912101498
Indonesia,coal_production,2003,460928.49,20013.109999999986,4.538991132493497
Indonesia,coal_production,2004,480941.59,20013.100000000035,4.341909956574841
Indonesia,coal_production,2005,500954.69,20013.099999999977,4.16123296802009
Indonesia,coal_production,2006,520967.8,20013.109999999986,3.994994038283184
Indonesia,coal_production,2007,540980.9,20013.100000000035,3.841523410851888
Indonesia,coal_production,2008,560994.0,20013.099999999977,3.6994097203801424
Indonesia,coal_production,2009,581007.11,20013.109999999986,3.5674374413986687
Indonesia,coal_production,2010,601020.21,20013.099999999977,3.4445533721609634
Indonesia,coal_production,2011,621033.32,20013.109999999986,3.329856411983223
Indonesia,coal_production,2012,641046.42,20013.100000000093,3.222548509957579
Indonesia,coal_production,2013,661059.52,20013.099999999977,3.121942401612654
Indonesia,coal_production,2014,681072.63,20013.109999999986,3.0274293606723957
Indonesia,coal_production,2015,701085.73,20013.099999999977,2.938467810694423
Indonesia,coal_production,2016,721098.83,20013.099999999977,2.8545866994040825
Indonesia,coal_production,2017,741111.94,20013.109999999986,2.77536298318497
Indonesia,coal_production,2018,761125.04,20013.100000000093,2.7004152706000317
Indonesia,coal_production,2019,781138.15,20013.109999999986,2.6294115878778612
Indonesia,coal_production,2020,801151.25,20013.099999999977,2.5620436026585036
Indonesia,coal_production,2021,821164.35,20013.099999999977,2.4980426604839012
Indonesia,coal_production,2022,841177.46,20013.109999999986,2.4371625485202886
Indonesia,coal_production,2023,861190.56,20013.100000000093,2.3791769218352687
Indonesia,electricity_imports,1980,0.0,,
Indonesia,electricity_imports,1981,0.04,0.04,inf
Indonesia,electricity_imports,1982,0.08,0.04,100.0
Indonesia,electricity_imports,1983,0.12,0.039999999999999994,50.0
Indonesia,electricity_imports,1984,0.16,0.04000000000000001,33.33333333333335
Indonesia,electricity_imports,1985,0.2,0.04000000000000001,25.0
Indonesia,electricity_imports,1986,0.23,0.03,14.999999999999991
Indonesia,electricity_imports,1987,0.27,0.04000000000000001,17.391304347826097
Indonesia,electricity_imports,1988,0.31,0.03999999999999998,14.814814814814813
Indonesia,electricity_imports,1989,0.35,0.03999999999999998,12.903225806451601
Indonesia,electricity_imports,1990,0.39,0.040000000000000036,11.428571428571432
Indonesia,electricity_imports,1991,0.43,0.03999999999999998,10.256410256410241
Indonesia,electricity_imports,1992,0.47,0.03999999999999998,9.302325581395344
Indonesia,electricity_imports,1993,0.51,0.040000000000000036,8.510638297872353
Indonesia,electricity_imports,1994,0.55,0.040000000000000036,7.843137254901977
Indonesia,electricity_imports,1995,0.59,0.039999999999999925,7.272727272727253
Indonesia,electricity_imports,1996,0.63,0.040000000000000036,6.779661016949157
Indonesia,electricity_imports,1997,0.66,0.030000000000000027,4.761904761904767
Indonesia,electricity_imports,1998,0.7,0.039999999999999925,6.060606060606055
Indonesia,electricity_imports,1999,0.74,0.040000000000000036,5.714285714285716
Indonesia,electricity_imports,2000,0.78,0.040000000000000036,5.405405405405417
Indonesia,electricity_imports,2001,0.82,0.039999999999999925,5.12820512820511
Indonesia,electricity_imports,2002,0.86,0.040000000000000036,4.878048780487809
Indonesia,electricity_imports,2003,0.9,0.040000000000000036,4.651162790697683
Indonesia,electricity_imports,2004,0.94,0.039999999999999925,4.444444444444429
Indonesia,electricity_imports,2005,0.98,0.040000000000000036,4.255319148936176
Indonesia,electricity_imports,2006,1.02,0.040000000000000036,4.081632653061229
Indonesia,electricity_imports,2007,1.05,0.030000000000000027,2.941176470588247
Indonesia,electricity_imports,2008,1.09,0.040000000000000036,3.809523809523818
Indonesia,electricity_imports,2009,1.13,0.039999999999999813,3.66972477064218
Indonesia,electricity_imports,2010,1.17,0.040000000000000036,3.539823008849563
Indonesia,electricity_imports,2011,1.21,0.040000000000000036,3.418803418803429
Indonesia,electricity_imports,2012,1.25,0.040000000000000036,3.3057851239669533
Indonesia,electricity_imports,2013,1.29,0.040000000000000036,3.200000000000003
Indonesia,electricity_imports,2014,1.33,0.040000000000000036,3.100775193798455
Indonesia,electricity_imports,2015,1.37,0.040000000000000036,3.007518796992481
Indonesia,electricity_imports,2016,1.41,0.039999999999999813,2.9197080291970767
Indonesia,electricity_imports,2017,1.45,0.040000000000000036,2.8368794326241176
Indonesia,electricity_imports,2018,1.48,0.030000000000000027,2.0689655172413834
Indonesia,electricity_imports,2019,1.52,0.040000000000000036,2.7027027027026973
Indonesia,electricity_imports,2020,1.56,0.040000000000000036,2.6315789473684292
Indonesia,electricity_imports,2021,1.6,0.040000000000000036,2.564102564102577
Indonesia,electricity_imports,2022,1.64,0.039999999999999813,2.499999999999991
Indonesia,electricity_imports,2023,1.68,0.040000000000000036,2.4390243902439046
Laos,coal_production,1980,0.0,,
Laos,coal_production,1981,426.29,426.29,inf
Laos,coal_production,1982,852.57,426.28000000000003,99.99765417907997
Laos,coal_production,1983,1278.86,426.28999999999985,50.00058646210866
Laos,coal_production,1984,1705.15,426.2900000000002,33.33359398214035
Laos,coal_production,1985,2131.43,426.27999999999975,24.99956015599798
Laos,coal_production,1986,2557.72,426.28999999999996,20.000187667434545
Laos,coal_production,1987,2984.0,426.2800000000002,16.66640601785967
Laos,coal_production,1988,3410.29,426.28999999999996,14.285857908847177
Laos,coal_production,1989,3836.58,426.28999999999996,12.500109961322936
Laos,coal_production,1990,4262.86,426.27999999999975,11.110937345239758
Laos,coal_production,1991,4689.15,426.28999999999996,10.000093833717273
Laos,coal_production,1992,5115.44,426.28999999999996,9.090986639369603
Laos,coal_production,1993,5541.72,426.28000000000065,8.333203008929836
Laos,coal_production,1994,5968.01,426.28999999999996,7.692377095919678
Laos,coal_production,1995,6394.29,426.27999999999975,7.142749425687955
Laos,coal_production,1996,6820.58,426.28999999999996,6.666729222478174
Laos,coal_production,1997,7246.87,426.28999999999996,6.250054980661468
Laos,coal_production,1998,7673.15,426.27999999999975,5.882263653135755
Laos,coal_production,1999,8099.44,426.28999999999996,5.5556062373340875
Laos,coal_production,2000,8525.73,426.28999999999996,5.2632033819622
Laos,coal_production,2001,8952.01,426.28000000000065,4.999923760194158
Laos,coal_production,2002,9378.3,426.28999999999905,4.761947316859549
Laos,coal_production,2003,9804.58,426.28000000000065,4.5453866905516005
Laos,coal_production,2004,10230.87,426.2900000000009,4.347865997319622
Laos,coal_production,2005,10657.16,426.28999999999905,4.166703320440979
Laos,coal_production,2006,11083.44,426.28000000000065,3.9999399464772933
Laos,coal_production,2007,11509.73,426.28999999999905,3.846188547959839
Laos,coal_production,2008,11936.02,426.2900000000009,3.703735882596737
Laos,coal_production,2009,12362.3,426.27999999999884,3.5713747128439666
Laos,coal_production,2010,12788.59,426.2900000000009,3.448306544898605
Laos,coal_production,2011,13214.87,426.28000000000065,3.3332838100212925
Laos,coal_production,2012,13641.16,426.28999999999905,3.2258357441276253
Laos,coal_production,2013,14067.45,426.2900000000009,3.125027490330745
Laos,coal_production,2014,14493.73,426.27999999999884,3.030257793701052
Laos,coal_production,2015,14920.02,426.2900000000009,2.9412028511639265
Laos,coal_production,2016,15346.31,426.28999999999905,2.8571677517858385
Laos,coal_production,2017,15772.59,426.28000000000065,2.7777361463439787
Laos,coal_production,2018,16198.88,426.28999999999905,2.7027266923187465
Laos,coal_production,2019,16625.16,426.28000000000065,2.6315399583181076
Laos,coal_production,2020,17051.45,426.2900000000009,2.5641256986399075
Laos,coal_production,2021,17477.74,426.2900000000009,2.5000219922646005
Laos,coal_production,2022,17904.02,426.27999999999884,2.4389881071580133
Laos,coal_production,2023,18330.31,426.2900000000009,2.380973658429797
Laos,electricity_imports,1980,0.01,,
Laos,electricity_imports,1981,0.06,0.049999999999999996,500.0
Laos,electricity_imports,1982,0.1,0.04000000000000001,66.66666666666667
Laos,electricity_imports,1983,0.15,0.04999999999999999,49.99999999999998
Laos,electricity_imports,1984,0.2,0.05000000000000002,33.33333333333335
Laos,electricity_imports,1985,0.25,0.04999999999999999,25.0
Laos,electricity_imports,1986,0.29,0.03999999999999998,15.999999999999993
Laos,electricity_imports,1987,0.34,0.050000000000000044,17.24137931034484
Laos,electricity_imports,1988,0.39,0.04999999999999999,14.705882352941169
Laos,electricity_imports,1989,0.44,0.04999999999999999,12.82051282051282
Laos,electricity_imports,1990,0.48,0.03999999999999998,9.090909090909083
Laos,electricity_imports,1991,0.53,0.050000000000000044,10.416666666666675
Laos,electricity_imports,1992,0.58,0.04999999999999993,9.433962264150942
Laos,electricity_imports,1993,0.63,0.050000000000000044,8.62068965517242
Laos,electricity_imports,1994,0.67,0.040000000000000036,6.349206349206349
Laos,electricity_imports,1995,0.72,0.04999999999999993,7.462686567164178
Laos,electricity_imports,1996,0.77,0.050000000000000044,6.944444444444442
Laos,electricity_imports,1997,0.82,0.04999999999999993,6.493506493506485
Laos,electricity_imports,1998,0.86,0.040000000000000036,4.878048780487809
Laos,electricity_imports,1999,0.91,0.050000000000000044,5.813953488372103
Laos,electricity_imports,2000,0.96,0.04999999999999993,5.494505494505497
Laos,electricity_imports,2001,1.01,0.050000000000000044,5.208333333333348
Laos,electricity_imports,2002,1.05,0.040000000000000036,3.960396039603964
Laos,electricity_imports,2003,1.1,0.050000000000000044,4.761904761904767
Laos,electricity_imports,2004,1.15,0.04999999999999982,4.545454545454519
Laos,electricity_imports,2005,1.2,0.050000000000000044,4.347826086956519
Laos,electricity_imports,2006,1.24,0.040000000000000036,3.3333333333333437
Laos,electricity_imports,2007,1.29,0.050000000000000044,4.0322580645161255
Laos,electricity_imports,2008,1.34,0.050000000000000044,3.875968992248069
Laos,electricity_imports,2009,1.39,0.04999999999999982,3.731343283582067
Laos,electricity_imports,2010,1.43,0.040000000000000036,2.877697841726623
Laos,electricity_imports,2011,1.48,0.050000000000000044,3.4965034965035002
Laos,electricity_imports,2012,1.53,0.050000000000000044,3.378378378378377
Laos,electricity_imports,2013,1.58,0.050000000000000044,3.267973856209161
Laos,electricity_imports,2014,1.62,0.040000000000000036,2.5316455696202445
Laos,electricity_imports,2015,1.67,0.04999999999999982,3.0864197530864113
Laos,electricity_imports,2016,1.72,0.050000000000000044,2.9940119760479167
Laos,electricity_imports,2017,1.77,0.050000000000000044,2.9069767441860517
Laos,electricity_imports,2018,1.81,0.040000000000000036,2.259887005649719
Laos,electricity_imports,2019,1.86,0.050000000000000044,2.7624309392265234
Laos,electricity_imports,2020,1.91,0.04999999999999982,2.6881720430107503
Laos,electricity_imports,2021,1.96,0.050000000000000044,2.617801047120416
Laos,electricity_imports,2022,2.0,0.040000000000000036,2.0408163265306145
Laos,electricity_imports,2023,2.05,0.04999999999999982,2.499999999999991
Malaysia,coal_production,1980,0.0,,
Malaysia,coal_production,1981,95.64,95.64,inf
Malaysia,coal_production,1982,191.29,95.64999999999999,100.01045587620241
Malaysia,coal_production,1983,286.93,95.64000000000001,49.99738616759895
Malaysia,coal_production,1984,382.58,95.64999999999998,33.33565678039938
Malaysia,coal_production,1985,478.22,95.64000000000004,24.998693083799473
Malaysia,coal_production,1986,573.87,95.64999999999998,20.00125465267031
Malaysia,coal_production,1987,669.51,95.63999999999999,16.665795389199634
Malaysia,coal_production,1988,765.16,95.64999999999998,14.286567788382554
Malaysia,coal_production,1989,860.8,95.63999999999999,12.499346541899726
Malaysia,coal_production,1990,956.45,95.65000000000009,11.11175650557621
Malaysia,coal_production,1991,1052.09,95.63999999999987,9.999477233519771
Malaysia,coal_production,1992,1147.74,95.65000000000009,9.091427539469077
Malaysia,coal_production,1993,1243.38,95.6400000000001,8.33289769459984
Malaysia,coal_production,1994,1339.03,95.64999999999986,7.692740755038674
Malaysia,coal_production,1995,1434.67,95.6400000000001,7.142483738228433
Malaysia,coal_production,1996,1530.31,95.63999999999987,6.666341388611996
Malaysia,coal_production,1997,1625.96,95.65000000000009,6.2503675725833485
Malaysia,coal_production,1998,1721.6,95.63999999999987,5.882063519397773
Malaysia,coal_production,1999,1817.25,95.65000000000009,5.555878252788116
Malaysia,coal_production,2000,1912.89,95.6400000000001,5.262897234832864
Malaysia,coal_production,2001,2008.54,95.64999999999986,5.000287523067182
Malaysia,coal_production,2002,2104.18,95.63999999999987,4.761667679010628
Malaysia,coal_production,2003,2199.83,95.65000000000009,4.5457137697345384
Malaysia,coal_production,2004,2295.47,95.63999999999987,4.347608678852444
Malaysia,coal_production,2005,2391.12,95.65000000000009,4.166902638675318
Malaysia,coal_production,2006,2486.76,95.64000000000033,3.999799257251846
Malaysia,coal_production,2007,2582.41,95.64999999999964,3.846370377519337
Malaysia,coal_production,2008,2678.05,95.64000000000033,3.70351725713578
Malaysia,coal_production,2009,2773.69,95.63999999999987,3.5712552043464463
Malaysia,coal_production,2010,2869.34,95.65000000000009,3.448474775479604
Malaysia,coal_production,2011,2964.98,95.63999999999987,3.333170694306009
Malaysia,coal_production,2012,3060.63,95.65000000000009,3.225991406350137
Malaysia,coal_production,2013,3156.27,95.63999999999987,3.124846845257334
Malaysia,coal_production,2014,3251.92,95.65000000000009,3.0304758464896775
Malaysia,coal_production,2015,3347.56,95.63999999999987,2.9410317596988866
Malaysia,coal_production,2016,3443.21,95.65000000000009,2.8573050221653906
Malaysia,coal_production,2017,3538.85,95.63999999999987,2.7776406318522406
Malaysia,coal_production,2018,3634.5,95.65000000000009,2.702855447391106
Malaysia,coal_production,2019,3730.14,95.63999999999987,2.631448617416421
Malaysia,coal_production,2020,3825.79,95.65000000000009,2.5642469183462246
Malaysia,coal_production,2021,3921.43,95.63999999999987,2.499875842636423
Malaysia,coal_production,2022,4017.08,95.65000000000009,2.4391612243492844
Malaysia,coal_production,2023,4112.72,95.64000000000033,2.380833839505314
Malaysia,electricity_imports,1980,0.0,,
Malaysia,electricity_imports,1981,0.01,0.01,inf
Malaysia,electricity_imports,1982,0.02,0.01,100.0
Malaysia,electricity_imports,1983,0.03,0.009999999999999998,50.0
Malaysia,electricity_imports,1984,0.03,0.0,0.0
Malaysia,electricity_imports,1985,0.04,0.010000000000000002,33.33333333333335
Malaysia,electricity_imports,1986,0.05,0.010000000000000002,25.0
Malaysia,electricity_imports,1987,0.06,0.009999999999999995,19.999999999999996
Malaysia,electricity_imports,1988,0.07,0.010000000000000009,16.666666666666675
Malaysia,electricity_imports,1989,0.08,0.009999999999999995,14.28571428571428
Malaysia,electricity_imports,1990,0.09,0.009999999999999995,12.5
Malaysia,electricity_imports,1991,0.09,0.0,0.0
Malaysia,electricity_imports,1992,0.1,0.010000000000000009,11.111111111111116
Malaysia,electricity_imports,1993,0.11,0.009999999999999995,9.999999999999986
Malaysia,electricity_imports,1994,0.12,0.009999999999999995,9.090909090909083
Malaysia,electricity_imports,1995,0.13,0.010000000000000009,8.333333333333348
Malaysia,electricity_imports,1996,0.14,0.010000000000000009,7.692307692307709
Malaysia,electricity_imports,1997,0.15,0.009999999999999981,7.14285714285714
Malaysia,electricity_imports,1998,0.15,0.0,0.0
Malaysia,electricity_imports,1999,0.16,0.010000000000000009,6.666666666666665
Malaysia,electricity_imports,2000,0.17,0.010000000000000009,6.25
Malaysia,electricity_imports,2001,0.18,0.009999999999999981,5.88235294117645
Malaysia,electricity_imports,2002,0.19,0.010000000000000009,5.555555555555558
Malaysia,electricity_imports,2003,0.2,0.010000000000000009,5.263157894736836
Malaysia,electricity_imports,2004,0.21,0.009999999999999981,4.999999999999982
Malaysia,electricity_imports,2005,0.22,0.010000000000000009,4.761904761904767
Malaysia,electricity_imports,2006,0.22,0.0,0.0
Malaysia,electricity_imports,2007,0.23,0.010000000000000009,4.545454545454541
Malaysia,electricity_imports,2008,0.24,0.009999999999999981,4.347826086956519
Malaysia,electricity_imports,2009,0.25,0.010000000000000009,4.166666666666674
Malaysia,electricity_imports,2010,0.26,0.010000000000000009,4.0000000000000036
Malaysia,electricity_imports,2011,0.27,0.010000000000000009,3.8461538461538547
Malaysia,electricity_imports,2012,0.28,0.010000000000000009,3.703703703703698
Malaysia,electricity_imports,2013,0.28,0.0,0.0
Malaysia,electricity_imports,2014,0.29,0.009999999999999953,3.5714285714285587
Malaysia,electricity_imports,2015,0.3,0.010000000000000009,3.4482758620689724
Malaysia,electricity_imports,2016,0.31,0.010000000000000009,3.3333333333333437
Malaysia,electricity_imports,2017,0.32,0.010000000000000009,3.2258064516129004
Malaysia,electricity_imports,2018,0.33,0.010000000000000009,3.125
Malaysia,electricity_imports,2019,0.34,0.010000000000000009,3.0303030303030276
Malaysia,electricity_imports,2020,0.34,0.0,0.0
Malaysia,electricity_imports,2021,0.35,0.009999999999999953,2.941176470588225
Malaysia,electricity_imports,2022,0.36,0.010000000000000009,2.857142857142869
Malaysia,electricity_imports,2023,0.37,0.010000000000000009,2.77777777777779
Philippines,coal_production,1980,362.66,,
Philippines,coal_production,1981,745.75,383.09,105.63337561352229
Philippines,coal_production,1982,1128.84,383.0899999999999,51.36976198457928
Philippines,coal_production,1983,1511.93,383.09000000000015,33.936607490875616
Philippines,coal_production,1984,1895.02,383.0899999999999,25.337813258550312
Philippines,coal_production,1985,2278.12,383.0999999999999,20.216145476037184
Philippines,coal_production,1986,2661.21,383.09000000000015,16.816058855547556
Philippines,coal_production,1987,3044.3,383.09000000000015,14.39533144697338
Philippines,coal_production,1988,3427.39,383.0899999999997,12.583845218933742
Philippines,coal_production,1989,3810.48,383.09000000000015,11.177309848018457
Philippines,coal_production,1990,4193.57,383.0899999999997,10.053589049148659
Philippines,coal_production,1991,4576.66,383.09000000000015,9.135175995631407
Philippines,coal_production,1992,4959.75,383.09000000000015,8.370514742191904
Philippines,coal_production,1993,5342.85,383.10000000000036,7.72417964615153
Philippines,coal_production,1994,5725.94,383.08999999999924,7.1701432755926
Philippines,coal_production,1995,6109.03,383.09000000000015,6.690429868283632
Philippines,coal_production,1996,6492.12,383.09000000000015,6.270880974557347
Philippines,coal_production,1997,6875.21,383.09000000000015,5.900845948626943
Philippines,coal_production,1998,7258.3,383.09000000000015,5.572047981079842
Philippines,coal_production,1999,7641.39,383.09000000000015,5.2779576484851765
Philippines,coal_production,2000,8024.48,383.08999999999924,5.013354900090161
Philippines,coal_production,2001,8407.57,383.09000000000015,4.774016509480994
Philippines,coal_production,2002,8790.67,383.10000000000036,4.556607914058408
Philippines,coal_production,2003,9173.76,383.09000000000015,4.35791583576679
Philippines,coal_production,2004,9556.85,383.09000000000015,4.175932224082612
Philippines,coal_production,2005,9939.94,383.09000000000015,4.008538378231319
Philippines,coal_production,2006,10323.03,383.09000000000015,3.8540474087368715
Philippines,coal_production,2007,10706.12,383.09000000000015,3.711022829537458
Philippines,coal_production,2008,11089.21,383.0899999999983,3.578233757887994
Philippines,coal_production,2009,11472.3,383.09000000000015,3.454619400299941
Philippines,coal_production,2010,11855.39,383.09000000000015,3.3392606539229375
Philippines,coal_production,2011,12238.49,383.10000000000036,3.231441563710691
Philippines,coal_production,2012,12621.58,383.09000000000015,3.130206422524351
Philippines,coal_production,2013,13004.67,383.09000000000015,3.035198445836418
Philippines,coal_production,2014,13387.76,383.09000000000015,2.9457879361798556
Philippines,coal_production,2015,13770.85,383.09000000000015,2.8614943799410764
Philippines,coal_production,2016,14153.94,383.09000000000015,2.7818907329612896
Philippines,coal_production,2017,14537.03,383.09000000000015,2.7065961845252895
Philippines,coal_production,2018,14920.12,383.09000000000015,2.6352700654810546
Philippines,coal_production,2019,15303.22,383.09999999999854,2.567673718441932
Philippines,coal_production,2020,15686.31,383.09000000000015,2.5033293646696597
Philippines,coal_production,2021,16069.4,383.09000000000015,2.4421932245378253
Philippines,coal_production,2022,16452.49,383.09000000000196,2.3839720213573834
Philippines,coal_production,2023,16835.58,383.09000000000015,2.328462135518694
Philippines,electricity_imports,1980,0.0,,
Philippines,electricity_imports,1981,0.0,0.0,
Philippines,electricity_imports,1982,0.0,0.0,
Philippines,electricity_imports,1983,0.0,0.0,
Philippines,electricity_imports,1984,0.0,0.0,
Philippines,electricity_imports,1985,0.0,0.0,
Philippines,electricity_imports,1986,0.0,0.0,
Philippines,electricity_imports,1987,0.0,0.0,
Philippines,electricity_imports,1988,0.0,0.0,
Philippines,electricity_imports,1989,0.0,0.0,
Philippines,electricity_imports,1990,0.0,0.0,
Philippines,electricity_imports,1991,0.0,0.0,
Philippines,electricity_imports,1992,0.0,0.0,
Philippines,electricity_imports,1993,0.0,0.0,
Philippines,electricity_imports,1994,0.0,0.0,
Philippines,electricity_imports,1995,0.0,0.0,
Philippines,electricity_imports,1996,0.0,0.0,
Philippines,electricity_imports,1997,0.0,0.0,
Philippines,electricity_imports,1998,0.0,0.0,
Philippines,electricity_imports,1999,0.0,0.0,
Philippines,electricity_imports,2000,0.0,0.0,
Philippines,electricity_imports,2001,0.0,0.0,
Philippines,electricity_imports,2002,0.0,0.0,
Philippines,electricity_imports,2003,0.0,0.0,
Philippines,electricity_imports,2004,0.0,0.0,
Philippines,electricity_imports,2005,0.0,0.0,
Philippines,electricity_imports,2006,0.0,0.0,
Philippines,electricity_imports,2007,0.0,0.0,
Philippines,electricity_imports,2008,0.0,0.0,
Philippines,electricity_imports,2009,0.0,0.0,
Philippines,electricity_imports,2010,0.0,0.0,
Philippines,electricity_imports,2011,0.0,0.0,
Philippines,electricity_imports,2012,0.0,0.0,
Philippines,electricity_imports,2013,0.0,0.0,
Philippines,electricity_imports,2014,0.0,0.0,
Philippines,electricity_imports,2015,0.0,0.0,
Philippines,electricity_imports,2016,0.0,0.0,
Philippines,electricity_imports,2017,0.0,0.0,
Philippines,electricity_imports,2018,0.0,0.0,
Philippines,electricity_imports,2019,0.0,0.0,
Philippines,electricity_imports,2020,0.0,0.0,
Philippines,electricity_imports,2021,0.0,0.0,
Philippines,electricity_imports,2022,0.0,0.0,
Singapore,coal_production,1980,0.0,,
Singapore,coal_production,1981,0.0,0.0,
Singapore,coal_production,1982,0.0,0.0,
Singapore,coal_production,1983,0.0,0.0,
Singapore,coal_production,1984,0.0,0.0,
Singapore,coal_production,1985,0.0,0.0,
Singapore,coal_production,1986,0.0,0.0,
Singapore,coal_production,1987,0.0,0.0,
Singapore,coal_production,1988,0.0,0.0,
Singapore,coal_production,1989,0.0,0.0,
Singapore,coal_production,1990,0.0,0.0,
Singapore,coal_production,1991,0.0,0.0,
Singapore,coal_production,1992,0.0,0.0,
Singapore,coal_production,1993,0.0,0.0,
Singapore,coal_production,1994,0.0,0.0,
Singapore,coal_production,1995,0.0,0.0,
Singapore,coal_production,1996,0.0,0.0,
Singapore,coal_production,1997,0.0,0.0,
Singapore,coal_production,1998,0.0,0.0,
Singapore,coal_production,1999,0.0,0.0,
Singapore,coal_production,2000,0.0,0.0,
Singapore,coal_production,2001,0.0,0.0,
Singapore,coal_production,2002,0.0,0.0,
Singapore,coal_production,2003,0.0,0.0,
Singapore,coal_production,2004,0.0,0.0,
Singapore,coal_production,2005,0.0,0.0,
Singapore,coal_production,2006,0.0,0.0,
Singapore,coal_production,2007,0.0,0.0,
Singapore,coal_production,2008,0.0,0.0,
Singapore,coal_production,2009,0.0,0.0,
Singapore,coal_production,2010,0.0,0.0,
Singapore,coal_production,2011,0.0,0.0,
Singapore,coal_production,2012,0.0,0.0,
Singapore,coal_production,2013,0.0,0.0,
Singapore,coal_production,2014,0.0,0.0,
Singapore,coal_production,2015,0.0,0.0,
Singapore,coal_production,2016,0.0,0.0,
Singapore,coal_production,2017,0.0,0.0,
Singapore,coal_production,2018,0.0,0.0,
Singapore,coal_production,2019,0.0,0.0,
Singapore,coal_production,2020,0.0,0.0,
Singapore,coal_production,2021,0.0,0.0,
Singapore,coal_production,2022,0.0,0.0,
Singapore,coal_production,2023,0.0,0.0,
Singapore,electricity_imports,1980,0.0,,
Singapore,electricity_imports,1981,0.0,0.0,
Singapore,electricity_imports,1982,0.0,0.0,
Singapore,electricity_imports,1983,0.0,0.0,
Singapore,electricity_imports,1984,0.0,0.0,
Singapore,electricity_imports,1985,0.0,0.0,
Singapore,electricity_imports,1986,0.0,0.0,
Singapore,electricity_imports,1987,0.0,0.0,
Singapore,electricity_imports,1988,0.0,0.0,
Singapore,electricity_imports,1989,0.0,0.0,
Singapore,electricity_imports,1990,0.0,0.0,
Singapore,electricity_imports,1991,0.01,0.01,inf
Singapore,electricity_imports,1992,0.01,0.0,0.0
Singapore,electricity_imports,1993,0.01,0.0,0.0
Singapore,electricity_imports,1994,0.01,0.0,0.0
Singapore,electricity_imports,1995,0.01,0.0,0.0
Singapore,electricity_imports,1996,0.01,0.0,0.0
Singapore,electricity_imports,1997,0.01,0.0,0.0
Singapore,electricity_imports,1998,0.01,0.0,0.0
Singapore,electricity_imports,1999,0.01,0.0,0.0
Singapore,electricity_imports,2000,0.01,0.0,0.0
Singapore,electricity_imports,2001,0.01,0.0,0.0
Singapore,electricity_imports,2002,0.01,0.0,0.0
Singapore,electricity_imports,2003,0.01,0.0,0.0
Singapore,electricity_imports,2004,0.01,0.0,0.0
Singapore,electricity_imports,2005,0.01,0.0,0.0
Singapore,electricity_imports,2006,0.01,0.0,0.0
Singapore,electricity_imports,2007,0.01,0.0,0.0
Singapore,electricity_imports,2008,0.01,0.0,0.0
Singapore,electricity_imports,2009,0.01,0.0,0.0
Singapore,electricity_imports,2010,0.01,0.0,0.0
Singapore,electricity_imports,2011,0.01,0.0,0.0
Singapore,electricity_imports,2012,0.01,0.0,0.0
Singapore,electricity_imports,2013,0.02,0.01,100.0
Singapore,electricity_imports,2014,0.02,0.0,0.0
Singapore,electricity_imports,2015,0.02,0.0,0.0
Singapore,electricity_imports,2016,0.02,0.0,0.0
Singapore,electricity_imports,2017,0.02,0.0,0.0
Singapore,electricity_imports,2018,0.02,0.0,0.0
Singapore,electricity_imports,2019,0.02,0.0,0.0
Singapore,electricity_imports,2020,0.02,0.0,0.0
Singapore,electricity_imports,2021,0.02,0.0,0.0
Singapore,electricity_imports,2022,0.02,0.0,0.0
Singapore,electricity_imports,2023,0.02,0.0,0.0
Thailand,coal_production,1980,1681.02,,
Thailand,coal_production,1981,2242.78,561.7600000000002,33.41780585596841
Thailand,coal_production,1982,2804.53,561.75,25.047039834491123
Thailand,coal_production,1983,3366.29,561.7599999999998,20.030450735060757
Thailand,coal_production,1984,3928.05,561.7600000000002,16.68780764580593
Thailand,coal_production,1985,4489.8,561.75,14.300989040363543
Thailand,coal_production,1986,5051.56,561.7600000000002,12.511915898258286
Thailand,coal_production,1987,5613.32,561.7599999999993,11.12052514470776
Thailand,coal_production,1988,6175.07,561.75,10.007446573507295
Thailand,coal_production,1989,6736.83,561.7600000000002,9.097224808787608
Thailand,coal_production,1990,7298.59,561.7600000000002,8.338639983493735
Thailand,coal_production,1991,7860.34,561.75,7.696692100803038
Thailand,coal_production,1992,8422.1,561.7600000000002,7.146764643768599
Thailand,coal_production,1993,8983.85,561.75,6.669951674760455
Thailand,coal_production,1994,9545.61,561.7600000000002,6.252998436082535
Thailand,coal_production,1995,10107.37,561.7600000000002,5.885008920330925
Thailand,coal_production,1996,10669.12,561.75,5.557825626250934
Thailand,coal_production,1997,11230.88,561.7599999999984,5.265288983533778
Thailand,coal_production,1998,11792.64,561.7600000000002,5.001923268702013
Thailand,coal_production,1999,12354.39,561.75,4.7635643927059546
Thailand,coal_production,2000,12916.15,561.7600000000002,4.547047648649594
Thailand,coal_production,2001,13477.91,561.7600000000002,4.349283648765301
Thailand,coal_production,2002,14039.66,561.75,4.167931081302667
Thailand,coal_production,2003,14601.42,561.7600000000002,4.001236497180138
Thailand,coal_production,2004,15163.18,561.7600000000002,3.8472970437121834
Thailand,coal_production,2005,15724.93,561.75,3.704697827236769
Thailand,coal_production,2006,16286.69,561.7600000000002,3.5724165385791817
Thailand,coal_production,2007,16848.45,561.7600000000002,3.4491968595214972
Thailand,coal_production,2008,17410.2,561.75,3.3341345939834177
Thailand,coal_production,2009,17971.96,561.7599999999984,3.2266142835808864
Thailand,coal_production,2010,18533.72,561.760000000002,3.125758125435407
Thailand,coal_production,2011,19095.47,561.75,3.0309619439594426
Thailand,coal_production,2012,19657.23,561.7599999999984,2.941849559083898
Thailand,coal_production,2013,20218.98,561.75,2.8577271568781537
Thailand,coal_production,2014,20780.74,561.760000000002,2.7783795226069774
Thailand,coal_production,2015,21342.5,561.7599999999984,2.7032723569997863
Thailand,coal_production,2016,21904.25,561.75,2.6320721564952576
Thailand,coal_production,2017,22466.01,561.7599999999984,2.5646164557106443
Thailand,coal_production,2018,23027.77,561.760000000002,2.500488515762256
Thailand,coal_production,2019,23589.52,561.75,2.4394459385342238
Thailand,coal_production,2020,24151.28,561.7599999999984,2.3813964845405877
Thailand,coal_production,2021,24713.04,561.760000000002,2.3260050813041833
Thailand,coal_production,2022,25274.79,561.75,2.2730914529333512
Thailand,coal_production,2023,25836.55,561.7599999999984,2.2226099603597005
Thailand,electricity_imports,1980,0.36,,
Thailand,electricity_imports,1981,1.18,0.82,227.77777777777777
Thailand,electricity_imports,1982,2.01,0.8299999999999998,70.33898305084745
Thailand,electricity_imports,1983,2.83,0.8200000000000003,40.79601990049753
Thailand,electricity_imports,1984,3.66,0.8300000000000001,29.328621908127218
Thailand,electricity_imports,1985,4.48,0.8200000000000003,22.404371584699454
Thailand,electricity_imports,1986,5.31,0.8299999999999992,18.526785714285698
Thailand,electricity_imports,1987,6.13,0.8200000000000003,15.442561205273076
Thailand,electricity_imports,1988,6.96,0.8300000000000001,13.539967373572592
Thailand,electricity_imports,1989,7.78,0.8200000000000003,11.781609195402298
Thailand,electricity_imports,1990,8.6,0.8199999999999994,10.539845758354737
Thailand,electricity_imports,1991,9.43,0.8300000000000001,9.651162790697665
Thailand,electricity_imports,1992,10.25,0.8200000000000003,8.695652173913038
Thailand,electricity_imports,1993,11.08,0.8300000000000001,8.097560975609763
Thailand,electricity_imports,1994,11.9,0.8200000000000003,7.400722021660644
Thailand,electricity_imports,1995,12.73,0.8300000000000001,6.974789915966384
Thailand,electricity_imports,1996,13.55,0.8200000000000003,6.4414768263943545
Thailand,electricity_imports,1997,14.38,0.8300000000000001,6.125461254612552
Thailand,electricity_imports,1998,15.2,0.8199999999999985,5.702364394993031
Thailand,electricity_imports,1999,16.02,0.8200000000000003,5.394736842105274
Thailand,electricity_imports,2000,16.85,0.8300000000000018,5.181023720349565
Thailand,electricity_imports,2001,17.67,0.8200000000000003,4.866468842729965
Thailand,electricity_imports,2002,18.5,0.8299999999999983,4.697226938313515
Thailand,electricity_imports,2003,19.32,0.8200000000000003,4.432432432432432
Thailand,electricity_imports,2004,20.15,0.8299999999999983,4.296066252587982
Thailand,electricity_imports,2005,20.97,0.8200000000000003,4.069478908188584
Thailand,electricity_imports,2006,21.79,0.8200000000000003,3.91034811635671
Thailand,electricity_imports,2007,22.62,0.8300000000000018,3.80908673703535
Thailand,electricity_imports,2008,23.44,0.8200000000000003,3.625110521662256
Thailand,electricity_imports,2009,24.27,0.8299999999999983,3.540955631399312
Thailand,electricity_imports,2010,25.09,0.8200000000000003,3.378656777915112
Thailand,electricity_imports,2011,25.92,0.8300000000000018,3.3080908728577274
Thailand,electricity_imports,2012,26.74,0.8199999999999967,3.1635802469135665
Thailand,electricity_imports,2013,27.57,0.8300000000000018,3.1039640987285066
Thailand,electricity_imports,2014,28.39,0.8200000000000003,2.9742473703300742
Thailand,electricity_imports,2015,29.21,0.8200000000000003,2.8883409651285774
Thailand,electricity_imports,2016,30.04,0.8299999999999983,2.841492639507015
Thailand,electricity_imports,2017,30.86,0.8200000000000003,2.7296937416777745
Thailand,electricity_imports,2018,31.69,0.8300000000000018,2.6895657809462126
Thailand,electricity_imports,2019,32.51,0.8199999999999967,2.587567055853568
Thailand,electricity_imports,2020,33.34,0.8300000000000054,2.553060596739476
Thailand,electricity_imports,2021,34.16,0.8199999999999932,2.459508098380314
Thailand,electricity_imports,2022,34.99,0.8300000000000054,2.4297423887587932
Thailand,electricity_imports,2023,35.81,0.8200000000000003,2.3435267219205524
Vietnam,coal_production,1980,5100.39,,
Vietnam,coal_production,1981,6208.29,1107.8999999999996,21.7218683277161
Vietnam,coal_production,1982,7316.2,1107.9099999999999,17.845654761617126
Vietnam,coal_production,1983,8424.1,1107.9000000000005,15.143107077444572
Vietnam,coal_production,1984,9532.0,1107.8999999999996,13.151553281656202
Vietnam,coal_production,1985,10639.9,1107.8999999999996,11.622954259336971
Vietnam,coal_production,1986,11747.81,1107.9099999999999,10.41278583445333
Vietnam,coal_production,1987,12855.71,1107.8999999999996,9.430693891031595
Vietnam,coal_production,1988,13963.61,1107.9000000000015,8.617960423811688
Vietnam,coal_production,1989,15071.51,1107.8999999999996,7.934194667424821
Vietnam,coal_production,1990,16179.42,1107.9099999999999,7.351021894952803
Vietnam,coal_production,1991,17287.32,1107.8999999999996,6.8475878616167885
Vietnam,coal_production,1992,18395.22,1107.9000000000015,6.4087435183707075
Vietnam,coal_production,1993,19503.12,1107.8999999999978,6.022760260545934
Vietnam,coal_production,1994,20611.03,1107.9099999999999,5.680680834656204
Vietnam,coal_production,1995,21718.93,1107.9000000000015,5.375277218072072
Vietnam,coal_production,1996,22826.83,1107.9000000000015,5.101080025581384
Vietnam,coal_production,1997,23934.73,1107.8999999999978,4.8534991499038505
Vietnam,coal_production,1998,25042.64,1107.9099999999999,4.62888029236177
Vietnam,coal_production,1999,26150.54,1107.9000000000015,4.424054332929761
Vietnam,coal_production,2000,27258.44,1107.8999999999978,4.236623794384342
Vietnam,coal_production,2001,28366.34,1107.9000000000015,4.064429218986865
Vietnam,coal_production,2002,29474.25,1107.9099999999999,3.90572065342234
Vietnam,coal_production,2003,30582.15,1107.9000000000015,3.758874271609969
Vietnam,coal_production,2004,31690.05,1107.8999999999978,3.622701477822843
Vietnam,coal_production,2005,32797.95,1107.8999999999978,3.4960500220100554
Vietnam,coal_production,2006,33905.86,1107.9100000000035,3.377985514338566
Vietnam,coal_production,2007,35013.76,1107.9000000000015,3.2675767551685775
Vietnam,coal_production,2008,36121.66,1107.9000000000015,3.164184594856434
Vietnam,coal_production,2009,37229.56,1107.8999999999942,3.0671347883790334
Vietnam,coal_production,2010,38337.47,1107.9100000000035,2.9758879771880187
Vietnam,coal_production,2011,39445.37,1107.9000000000015,2.889862059233428
Vietnam,coal_production,2012,40553.27,1107.8999999999942,2.8086946579535033
Vietnam,coal_production,2013,41661.17,1107.9000000000015,2.7319621820879103
Vietnam,coal_production,2014,42769.08,1107.9100000000035,2.6593348194493993
Vietnam,coal_production,2015,43876.98,1107.9000000000015,2.5904228007710195
Vietnam,coal_production,2016,44984.88,1107.8999999999942,2.5250142557668998
Vietnam,coal_production,2017,46092.78,1107.9000000000015,2.462827510043386
Vietnam,coal_production,2018,47200.69,1107.9100000000035,2.4036519385465693
Vietnam,coal_production,2019,48308.59,1107.8999999999942,2.3472114496631225
Vietnam,coal_production,2020,49416.49,1107.9000000000015,2.293380949433632
Vietnam,coal_production,2021,50524.39,1107.9000000000015,2.2419641702597692
Vietnam,coal_production,2022,51632.3,1107.9100000000035,2.192822120168114
Vietnam,coal_production,2023,52740.2,1107.8999999999942,2.1457498503843375
Vietnam,electricity_imports,1980,0.0,,
Vietnam,electricity_imports,1981,0.13,0.13,inf
Vietnam,electricity_imports,1982,0.26,0.13,100.0
Vietnam,electricity_imports,1983,0.39,0.13,50.0
Vietnam,electricity_imports,1984,0.52,0.13,33.33333333333333
Vietnam,electricity_imports,1985,0.65,0.13,25.0
Vietnam,electricity_imports,1986,0.78,0.13,19.999999999999996
Vietnam,electricity_imports,1987,0.91,0.13,16.666666666666675
Vietnam,electricity_imports,1988,1.04,0.13,14.28571428571428
Vietnam,electricity_imports,1989,1.17,0.1299999999999999,12.5
Vietnam,electricity_imports,1990,1.3,0.13000000000000012,11.111111111111116
Vietnam,electricity_imports,1991,1.43,0.1299999999999999,9.999999999999986
Vietnam,electricity_imports,1992,1.56,0.13000000000000012,9.090909090909104
Vietnam,electricity_imports,1993,1.69,0.1299999999999999,8.333333333333325
Vietnam,electricity_imports,1994,1.82,0.13000000000000012,7.692307692307709
Vietnam,electricity_imports,1995,1.95,0.1299999999999999,7.14285714285714
Vietnam,electricity_imports,1996,2.08,0.13000000000000012,6.666666666666665
Vietnam,electricity_imports,1997,2.21,0.1299999999999999,6.25
Vietnam,electricity_imports,1998,2.34,0.1299999999999999,5.882352941176472
Vietnam,electricity_imports,1999,2.47,0.13000000000000034,5.55555555555558
Vietnam,electricity_imports,2000,2.6,0.1299999999999999,5.263157894736836
Vietnam,electricity_imports,2001,2.73,0.1299999999999999,5.000000000000004
Vietnam,electricity_imports,2002,2.87,0.14000000000000012,5.128205128205132
Vietnam,electricity_imports,2003,3.0,0.1299999999999999,4.529616724738683
Vietnam,electricity_imports,2004,3.13,0.1299999999999999,4.333333333333322
Vietnam,electricity_imports,2005,3.26,0.1299999999999999,4.153354632587858
Vietnam,electricity_imports,2006,3.39,0.13000000000000034,3.9877300613497146
Vietnam,electricity_imports,2007,3.52,0.1299999999999999,3.834808259587019
Vietnam,electricity_imports,2008,3.65,0.1299999999999999,3.693181818181812
Vietnam,electricity_imports,2009,3.78,0.1299999999999999,3.561643835616435
Vietnam,electricity_imports,2010,3.91,0.13000000000000034,3.4391534391534417
Vietnam,electricity_imports,2011,4.04,0.1299999999999999,3.324808184143224
Vietnam,electricity_imports,2012,4.17,0.1299999999999999,3.2178217821782207
Vietnam,electricity_imports,2013,4.3,0.1299999999999999,3.1175059952038398
Vietnam,electricity_imports,2014,4.43,0.1299999999999999,3.023255813953485
Vietnam,electricity_imports,2015,4.56,0.1299999999999999,2.934537246049662
Vietnam,electricity_imports,2016,4.69,0.13000000000000078,2.8508771929824706
Vietnam,electricity_imports,2017,4.82,0.1299999999999999,2.771855010660973
Vietnam,electricity_imports,2018,4.95,0.1299999999999999,2.6970954356846377
Vietnam,electricity_imports,2019,5.08,0.1299999999999999,2.626262626262621
Vietnam,electricity_imports,2020,5.21,0.1299999999999999,2.5590551181102317
Vietnam,electricity_imports,2021,5.34,0.1299999999999999,2.49520153550864
Vietnam,electricity_imports,2022,5.47,0.1299999999999999,2.434456928838946
Vietnam,electricity_imports,2023,5.6,0.1299999999999999,2.376599634369292
